<!-- <LinearLayout xmlns:android="http://schemas.android.com/apk/res/android"  
    xmlns:tools="http://schemas.android.com/tools"  
    android:layout_width="match_parent"  
    android:layout_height="match_parent"  
    tools:context=".MainActivity" >  
  
    <Button  
        android:id="@+id/button1"  
        android:layout_width="wrap_content"  
        android:layout_height="wrap_content"  
        android:text="Button1" />  
  
    <Button  
        android:id="@+id/button2"  
        android:layout_width="wrap_content"  
        android:layout_height="wrap_content"  
        android:text="Button2" />  
  
    <Button  
        android:id="@+id/button3"  
        android:layout_width="wrap_content"  
        android:layout_height="wrap_content"  
        android:text="Button3" />  
  
</LinearLayout> -->  
<!-- <LinearLayout xmlns:android="http://schemas.android.com/apk/res/android"  
    xmlns:tools="http://schemas.android.com/tools"  
    android:layout_width="match_parent"  
    android:layout_height="match_parent"  
    tools:context=".MainActivity" >  
  
    <Button  
        android:id="@+id/button1"  
        android:layout_width="wrap_content"  
        android:layout_height="fill_parent"  
        android:text="Button1" />  
  
    <Button  
        android:id="@+id/button2"  
        android:layout_width="wrap_content"  
        android:layout_height="fill_parent"  
        android:text="Button2" />  
  
    <Button  
        android:id="@+id/button3"  
        android:layout_width="wrap_content"  
        android:layout_height="fill_parent"  
        android:text="Button3" />  
  
</LinearLayout> -->  
<LinearLayout xmlns:android="http://schemas.android.com/apk/res/android"  
    xmlns:tools="http://schemas.android.com/tools"  
    android:layout_width="fill_parent"  
    android:layout_height="match_parent"  
    android:orientation="vertical"  
    tools:context=".MainActivity" >  
  
    <Button  
        android:id="@+id/button2"  
        android:layout_width="match_parent"  
        android:layout_height="wrap_content"  
        android:text="Button2" />  
  
    <Button  
        android:id="@+id/button1"  
        android:layout_width="match_parent"  
        android:layout_height="wrap_content"  
        android:text="Button1" />  
  
    <Button  
        android:id="@+id/button3"  
        android:layout_width="match_parent"  
        android:layout_height="wrap_content"  
        android:text="Button3" />  
     
</LinearLayout>  