<relativelayout xmlns:android="http://schemas.android.com/apk/res/android" xmlns:tools="http://schemas.android.com/tools" android:layout_width="match_parent" android:layout_height="match_parent" tools:context=".MainActivity">  
  
    <edittext android:id="@+id/editText1" android:layout_width="wrap_content" android:layout_height="wrap_content" android:layout_alignparentleft="true" android:layout_alignparenttop="true" android:layout_marginleft="84dp" android:layout_margintop="27dp" android:ems="10">  
  
        <requestfocus>  
    </requestfocus></edittext>  
  
    <textview android:id="@+id/textView1" android:layout_width="wrap_content" android:layout_height="wrap_content" android:layout_alignbaseline="@+id/editText1" android:layout_alignbottom="@+id/editText1" android:layout_alignparentleft="true" android:layout_marginleft="28dp" android:text="Name:">  
  
    <button android:id="@+id/button1" android:layout_width="wrap_content" android:layout_height="wrap_content" android:layout_alignleft="@+id/editText1" android:layout_below="@+id/editText1" android:layout_marginleft="66dp" android:layout_margintop="30dp" android:text="Button">  
  
  
</button></textview></relativelayout>  